59682535,Access Denied
59682535,Access Denied
59682535,Access Denied
59682535,Access Denied
59682535,Access Denied
59682535,Access Denied
59682535,Access Denied
59682535,Access Denied
59682535,Access Denied
59682535,Access Denied
59682535,Access Denied
59682535,Access Denied
59682535,Access Denied
59682535,Access Denied
59682535,Access Denied
59682535,Access Denied
59682535,Access Denied
59682535,Access Denied
59682535,Access Denied
59682535,Access Denied
59682535,Access Denied
